1,Tuan,16/11/1995,fdsf,fsdfg,fd,gfd,fdg,dfg
2,Tuan,13/12/1993,123,dsa,f,fdg,fdg,gfd
3,Khang,13/12/1999,12dd,fds,fds,fds,sdf,fds
4,Khanh,13/12/1992,213ds,fdsf,dsf,sdf,dsf,dsf
5,Trang,05/06/1997,dsf,23rf,fds,fds,fds,fds
6,Bao,09/09/1996,fdsds,fdsgfd,gfdgdf,gfdg,dfg,dfgfd
7,Anh,09/09/1999,dasd,gfdfds,fdsf,dsfds,sdf,sdf
123 123 123,Thanh Tuan,16/11/1995,Male,241 598 158,0987575064,tuan@gmail.com,Vip,408 Trung Nu Vuong
121 123 154,Tuan Tran,12/09/2000,Male,241 576 123,0877312312,tuan@gmail.com,Normal,121 Nui Thanh
109 192 321,Nguyen Bao,24/09/2000,Male,123 123 123,0823241123,bao@gmail.com,Standar,12321321
101 123 123,Quoc Bao,12/10/1997,Female,123 321 456,0732131221,bao@gmail.com,Vip,12321321
098 123 123,Phuc Khang,12/10/1998,Male,123 312 456,0912312312,khang@gmail.com,Vip,edsdsa
